{
	"de_fi": {
		"eps": 0.05,
		"lamb": 1.25,
		"paper_mrr": 0.345,
		"result_mrr": 0.345757240081
	},
	"de_fr": {
		"eps": 0.05,
		"lamb": 1.25,
		"paper_mrr": 0.53,
		"result_mrr": 0.530339009341
	},
	"de_hr": {
		"eps": 0.1,
		"lamb": 1.0,
		"paper_mrr": 0.312,
		"result_mrr": 0.312230587436
	},
	"de_it": {
		"eps": 0.01,
		"lamb": 0.25,
		"paper_mrr": 0.526,
		"result_mrr": 0.525754430414
	},
	"de_ru": {
		"eps": 0.1,
		"lamb": 1.0,
		"paper_mrr": 0.368,
		"result_mrr": 0.367851501781
	},
	"de_tr": {
		"eps": 0.1,
		"lamb": 0.75,
		"paper_mrr": 0.275,
		"result_mrr": 0.275536655465
	},
	"en_de": {
		"eps": 0.05,
		"lamb": 0.75,
		"paper_mrr": 0.568,
		"result_mrr": 0.567484246771
	},
	"en_fi": {
		"eps": 0.025,
		"lamb": 1.25,
		"paper_mrr": 0.397,
		"result_mrr": 0.400228003341
	},
	"en_fr": {
		"eps": 0.1,
		"lamb": 0.5,
		"paper_mrr": 0.666,
		"result_mrr": 0.665790063848
	},
	"en_hr": {
		"eps": 0.05,
		"lamb": 1.25,
		"paper_mrr": 0.32,
		"result_mrr": 0.321170338247
	},
	"en_it": {
		"eps": 0.05,
		"lamb": 1.0,
		"paper_mrr": 0.638,
		"result_mrr": 0.638252371967
	},
	"en_ru": {
		"eps": 0.05,
		"lamb": 1.25,
		"paper_mrr": 0.439,
		"result_mrr": 0.439252302297
	},
	"en_tr": {
		"eps": 0.1,
		"lamb": 0.5,
		"paper_mrr": 0.36,
		"result_mrr": 0.359764057848
	},
	"fi_fr": {
		"eps": 0.1,
		"lamb": 1.25,
		"paper_mrr": 0.366,
		"result_mrr": 0.366203593236
	},
	"fi_hr": {
		"eps": 0.05,
		"lamb": 1.25,
		"paper_mrr": 0.304,
		"result_mrr": 0.303933601697
	},
	"fi_it": {
		"eps": 0.15,
		"lamb": 0.75,
		"paper_mrr": 0.372,
		"result_mrr": 0.372102733084
	},
	"fi_ru": {
		"eps": 0.1,
		"lamb": 1.0,
		"paper_mrr": 0.346,
		"result_mrr": 0.345899161161
	},
	"hr_fr": {
		"eps": 0.1,
		"lamb": 0.75,
		"paper_mrr": 0.38,
		"result_mrr": 0.379843166288
	},
	"hr_it": {
		"eps": 0.1,
		"lamb": 1.25,
		"paper_mrr": 0.389,
		"result_mrr": 0.38866675304
	},
	"hr_ru": {
		"eps": 0.1,
		"lamb": 0.5,
		"paper_mrr": 0.38,
		"result_mrr": 0.380938469994
	},
	"it_fr": {
		"eps": 0.025,
		"lamb": 1.25,
		"paper_mrr": 0.678,
		"result_mrr": 0.67795411948
	},
	"ru_fr": {
		"eps": 0.05,
		"lamb": 1.0,
		"paper_mrr": 0.486,
		"result_mrr": 0.486349615485
	},
	"ru_it": {
		"eps": 0.1,
		"lamb": 0.75,
		"paper_mrr": 0.489,
		"result_mrr": 0.489114137893
	},
	"tr_fi": {
		"eps": 0.15,
		"lamb": 1.25,
		"paper_mrr": 0.28,
		"result_mrr": 0.279827183493
	},
	"tr_fr": {
		"eps": 0.1,
		"lamb": 1.25,
		"paper_mrr": 0.342,
		"result_mrr": 0.342254078294
	},
	"tr_hr": {
		"eps": 0.15,
		"lamb": 0.5,
		"paper_mrr": 0.241,
		"result_mrr": 0.241244043945
	},
	"tr_it": {
		"eps": 0.1,
		"lamb": 0.75,
		"paper_mrr": 0.335,
		"result_mrr": 0.334834602395
	},
	"tr_ru": {
		"eps": 0.1,
		"lamb": 1.25,
		"paper_mrr": 0.248,
		"result_mrr": 0.247468376972
	}
}