{
	"en_ru": {
		"lamb": 0.5,
		"result_mrr": 0.502332677268,
		"eps": 0.025,
		"paper_mrr": 0.502
	},
	"en_it": {
		"lamb": 0.5,
		"result_mrr": 0.648637237134,
		"eps": 0.05,
		"paper_mrr": 0.649
	},
	"de_fr": {
		"lamb": 1.25,
		"result_mrr": 0.542818759995,
		"eps": 0.025,
		"paper_mrr": 0.543
	},
	"hr_it": {
		"lamb": 0.25,
		"result_mrr": 0.415387097315,
		"eps": 0.01,
		"paper_mrr": 0.415
	},
	"ru_it": {
		"lamb": 1.0,
		"result_mrr": 0.502551136828,
		"eps": 0.025,
		"paper_mrr": 0.503
	},
	"de_fi": {
		"lamb": 0.25,
		"result_mrr": 0.389043666705,
		"eps": 0.05,
		"paper_mrr": 0.389
	},
	"fi_fr": {
		"lamb": 1.25,
		"result_mrr": 0.407396913297,
		"eps": 0.1,
		"paper_mrr": 0.407
	},
	"en_tr": {
		"lamb": 0.25,
		"result_mrr": 0.406961885109,
		"eps": 0.025,
		"paper_mrr": 0.407
	},
	"de_hr": {
		"lamb": 1.25,
		"result_mrr": 0.359814409437,
		"eps": 0.05,
		"paper_mrr": 0.36
	},
	"hr_ru": {
		"lamb": 0.75,
		"result_mrr": 0.408165618635,
		"eps": 0.01,
		"paper_mrr": 0.408
	},
	"it_fr": {
		"lamb": 1.25,
		"result_mrr": 0.683979585278,
		"eps": 0.05,
		"paper_mrr": 0.684
	},
	"fi_hr": {
		"lamb": 1.25,
		"result_mrr": 0.334721119622,
		"eps": 0.1,
		"paper_mrr": 0.335
	},
	"tr_hr": {
		"lamb": 0.75,
		"result_mrr": 0.288149473212,
		"eps": 0.1,
		"paper_mrr": 0.288
	},
	"tr_fr": {
		"lamb": 1.25,
		"result_mrr": 0.379928201075,
		"eps": 0.025,
		"paper_mrr": 0.38
	},
	"en_hr": {
		"lamb": 0.75,
		"result_mrr": 0.381594058405,
		"eps": 0.025,
		"paper_mrr": 0.382
	},
	"de_ru": {
		"lamb": 0.5,
		"result_mrr": 0.449057510367,
		"eps": 0.025,
		"paper_mrr": 0.449
	},
	"fi_it": {
		"lamb": 0.5,
		"result_mrr": 0.40725662519,
		"eps": 0.1,
		"paper_mrr": 0.407
	},
	"tr_ru": {
		"lamb": 0.5,
		"result_mrr": 0.318592810171,
		"eps": 0.1,
		"paper_mrr": 0.319
	},
	"hr_fr": {
		"lamb": 1.25,
		"result_mrr": 0.426345693309,
		"eps": 0.05,
		"paper_mrr": 0.426
	},
	"de_it": {
		"lamb": 1.25,
		"result_mrr": 0.533268189552,
		"eps": 0.1,
		"paper_mrr": 0.533
	},
	"de_tr": {
		"lamb": 0.25,
		"result_mrr": 0.321309315886,
		"eps": 0.1,
		"paper_mrr": 0.321
	},
	"en_fr": {
		"lamb": 1.25,
		"result_mrr": 0.679262043788,
		"eps": 0.025,
		"paper_mrr": 0.679
	},
	"tr_fi": {
		"lamb": 0.75,
		"result_mrr": 0.30605137128,
		"eps": 0.15,
		"paper_mrr": 0.306
	},
	"en_de": {
		"lamb": 0.75,
		"result_mrr": 0.589691111124,
		"eps": 0.01,
		"paper_mrr": 0.59
	},
	"tr_it": {
		"lamb": 0.75,
		"result_mrr": 0.371963376179,
		"eps": 0.01,
		"paper_mrr": 0.372
	},
	"fi_ru": {
		"lamb": 1.0,
		"result_mrr": 0.378640034135,
		"eps": 0.05,
		"paper_mrr": 0.379
	},
	"en_fi": {
		"lamb": 0.25,
		"result_mrr": 0.43906064804,
		"eps": 0.01,
		"paper_mrr": 0.439
	},
	"ru_fr": {
		"lamb": 0.25,
		"result_mrr": 0.497144496039,
		"eps": 0.05,
		"paper_mrr": 0.497
	}
}