{
	"en_ru": {
		"lamb": 1.25,
		"result_mrr": 0.439124458244,
		"eps": 0.05,
		"paper_mrr": 0.439
	},
	"en_it": {
		"lamb": 1.0,
		"result_mrr": 0.638443402948,
		"eps": 0.05,
		"paper_mrr": 0.638
	},
	"de_fr": {
		"lamb": 1.25,
		"result_mrr": 0.530960230388,
		"eps": 0.05,
		"paper_mrr": 0.53
	},
	"hr_it": {
		"lamb": 1.25,
		"result_mrr": 0.388674831682,
		"eps": 0.1,
		"paper_mrr": 0.389
	},
	"ru_it": {
		"lamb": 0.75,
		"result_mrr": 0.489099383398,
		"eps": 0.1,
		"paper_mrr": 0.489
	},
	"de_fi": {
		"lamb": 1.25,
		"result_mrr": 0.345166615228,
		"eps": 0.05,
		"paper_mrr": 0.345
	},
	"fi_fr": {
		"lamb": 1.25,
		"result_mrr": 0.36581990518,
		"eps": 0.1,
		"paper_mrr": 0.366
	},
	"en_tr": {
		"lamb": 0.5,
		"result_mrr": 0.360007844488,
		"eps": 0.1,
		"paper_mrr": 0.36
	},
	"de_hr": {
		"lamb": 1.0,
		"result_mrr": 0.311632351871,
		"eps": 0.1,
		"paper_mrr": 0.312
	},
	"hr_ru": {
		"lamb": 0.5,
		"result_mrr": 0.380502416128,
		"eps": 0.1,
		"paper_mrr": 0.38
	},
	"it_fr": {
		"lamb": 1.25,
		"result_mrr": 0.678219678524,
		"eps": 0.025,
		"paper_mrr": 0.678
	},
	"fi_hr": {
		"lamb": 1.25,
		"result_mrr": 0.303823190384,
		"eps": 0.05,
		"paper_mrr": 0.304
	},
	"tr_hr": {
		"lamb": 0.5,
		"result_mrr": 0.241078546225,
		"eps": 0.15,
		"paper_mrr": 0.241
	},
	"tr_fr": {
		"lamb": 1.25,
		"result_mrr": 0.342334973654,
		"eps": 0.1,
		"paper_mrr": 0.342
	},
	"en_hr": {
		"lamb": 1.25,
		"result_mrr": 0.321489214678,
		"eps": 0.05,
		"paper_mrr": 0.32
	},
	"de_ru": {
		"lamb": 1.0,
		"result_mrr": 0.367502802521,
		"eps": 0.1,
		"paper_mrr": 0.368
	},
	"fi_it": {
		"lamb": 0.75,
		"result_mrr": 0.371974644332,
		"eps": 0.15,
		"paper_mrr": 0.372
	},
	"tr_ru": {
		"lamb": 1.25,
		"result_mrr": 0.247342701093,
		"eps": 0.1,
		"paper_mrr": 0.248
	},
	"hr_fr": {
		"lamb": 0.75,
		"result_mrr": 0.380366715319,
		"eps": 0.1,
		"paper_mrr": 0.38
	},
	"de_it": {
		"lamb": 0.25,
		"result_mrr": 0.525733154632,
		"eps": 0.01,
		"paper_mrr": 0.526
	},
	"de_tr": {
		"lamb": 0.75,
		"result_mrr": 0.275658526852,
		"eps": 0.1,
		"paper_mrr": 0.275
	},
	"en_fr": {
		"lamb": 0.5,
		"result_mrr": 0.665743320488,
		"eps": 0.1,
		"paper_mrr": 0.666
	},
	"tr_fi": {
		"lamb": 1.25,
		"result_mrr": 0.28056272714,
		"eps": 0.15,
		"paper_mrr": 0.28
	},
	"en_de": {
		"lamb": 0.75,
		"result_mrr": 0.566987091816,
		"eps": 0.05,
		"paper_mrr": 0.568
	},
	"tr_it": {
		"lamb": 0.75,
		"result_mrr": 0.334768918462,
		"eps": 0.1,
		"paper_mrr": 0.335
	},
	"fi_ru": {
		"lamb": 1.0,
		"result_mrr": 0.346136377272,
		"eps": 0.1,
		"paper_mrr": 0.346
	},
	"en_fi": {
		"lamb": 1.25,
		"result_mrr": 0.398769792629,
		"eps": 0.025,
		"paper_mrr": 0.397
	},
	"ru_fr": {
		"lamb": 1.0,
		"result_mrr": 0.486537213556,
		"eps": 0.05,
		"paper_mrr": 0.486
	}
}