{
	"de_fi": {
		"eps": 0.05,
		"lamb": 1.25,
		"paper_mrr": 0.345,
		"runtime": [180.45736527442932, 179.7401773929596, 179.46145915985107, 179.4885938167572, 180.2543671131134],
		"avg_runtime": 179.88039255142212
	},
	"de_fr": {
		"eps": 0.05,
		"lamb": 1.25,
		"paper_mrr": 0.53,
		"runtime": [178.63467478752136, 179.78254389762878, 179.76732993125916, 179.94931364059448, 180.16260147094727],
		"avg_runtime": 179.65929274559022
	},
	"de_hr": {
		"eps": 0.1,
		"lamb": 1.0,
		"paper_mrr": 0.312,
		"runtime": [181.40212059020996, 182.3109962940216, 180.83289575576782, 182.33553791046143, 184.3199541568756],
		"avg_runtime": 182.2403009414673
	},
	"de_it": {
		"eps": 0.01,
		"lamb": 0.25,
		"paper_mrr": 0.526,
		"runtime": [179.23495960235596, 177.01911568641663, 179.5798397064209, 178.97103357315063, 177.2114176750183],
		"avg_runtime": 178.4032732486725
	},
	"de_ru": {
		"eps": 0.1,
		"lamb": 1.0,
		"paper_mrr": 0.368,
		"runtime": [178.04432463645935, 177.97758626937866, 178.04550671577454, 178.16632103919983, 178.360848903656],
		"avg_runtime": 178.1189175128937
	},
	"de_tr": {
		"eps": 0.1,
		"lamb": 0.75,
		"paper_mrr": 0.275,
		"runtime": [181.4152181148529, 182.93820071220398, 181.81362509727478, 182.28680682182312, 181.30533146858215],
		"avg_runtime": 181.95183644294738
	},
	"en_de": {
		"eps": 0.05,
		"lamb": 0.75,
		"paper_mrr": 0.568,
		"runtime": [176.36221361160278, 177.2673647403717, 178.04703879356384, 180.22332310676575, 176.9547598361969],
		"avg_runtime": 177.77094001770018
	},
	"en_fi": {
		"eps": 0.025,
		"lamb": 1.25,
		"paper_mrr": 0.397,
		"runtime": [183.8956151008606, 182.40193605422974, 182.5054714679718, 182.8491246700287, 182.70087718963623],
		"avg_runtime": 182.87060489654542
	},
	"en_fr": {
		"eps": 0.1,
		"lamb": 0.5,
		"paper_mrr": 0.666,
		"runtime": [177.3652048110962, 177.69650745391846, 178.2653021812439, 176.56809306144714, 178.0193212032318],
		"avg_runtime": 177.5828857421875
	},
	"en_hr": {
		"eps": 0.05,
		"lamb": 1.25,
		"paper_mrr": 0.32,
		"runtime": [187.10395193099976, 185.80721497535706, 186.2599413394928, 186.01112174987793, 186.76447582244873],
		"avg_runtime": 186.38934116363527
	},
	"en_it": {
		"eps": 0.05,
		"lamb": 1.0,
		"paper_mrr": 0.638,
		"runtime": [175.84362506866455, 177.63344478607178, 179.25191950798035, 178.0764503479004, 178.6961715221405],
		"avg_runtime": 177.90032224655153
	},
	"en_ru": {
		"eps": 0.05,
		"lamb": 1.25,
		"paper_mrr": 0.439,
		"runtime": [181.28808331489563, 180.2626757621765, 181.3591549396515, 180.18337607383728, 182.052916765213],
		"avg_runtime": 181.0292413711548
	},
	"en_tr": {
		"eps": 0.1,
		"lamb": 0.5,
		"paper_mrr": 0.36,
		"runtime": [183.87422561645508, 183.94633626937866, 182.8452968597412, 181.8727262020111, 182.93636178970337],
		"avg_runtime": 183.0949893474579
	},
	"fi_fr": {
		"eps": 0.1,
		"lamb": 1.25,
		"paper_mrr": 0.366,
		"runtime": [183.51282572746277, 182.2601637840271, 181.70979928970337, 182.93954944610596, 182.64862847328186],
		"avg_runtime": 182.61419334411622
	},
	"fi_hr": {
		"eps": 0.05,
		"lamb": 1.25,
		"paper_mrr": 0.304,
		"runtime": [184.30155301094055, 183.07339596748352, 183.72363233566284, 183.08703637123108, 183.8642704486847],
		"avg_runtime": 183.60997762680054
	},
	"fi_it": {
		"eps": 0.15,
		"lamb": 0.75,
		"paper_mrr": 0.372,
		"runtime": [179.39616990089417, 177.8751096725464, 178.719340801239, 179.85112714767456, 177.9719376564026],
		"avg_runtime": 178.76273703575134
	},
	"fi_ru": {
		"eps": 0.1,
		"lamb": 1.0,
		"paper_mrr": 0.346,
		"runtime": [180.0274600982666, 179.70140314102173, 177.75299882888794, 177.99275732040405, 178.53683519363403],
		"avg_runtime": 178.80229091644287
	},
	"hr_fr": {
		"eps": 0.1,
		"lamb": 0.75,
		"paper_mrr": 0.38,
		"runtime": [180.94486737251282, 181.43969249725342, 181.32245206832886, 182.0775318145752, 180.15565156936646],
		"avg_runtime": 181.18803906440735
	},
	"hr_it": {
		"eps": 0.1,
		"lamb": 1.25,
		"paper_mrr": 0.389,
		"runtime": [178.41168880462646, 178.25477027893066, 177.82293486595154, 179.12829995155334, 179.00310492515564],
		"avg_runtime": 178.52415976524352
	},
	"hr_ru": {
		"eps": 0.1,
		"lamb": 0.5,
		"paper_mrr": 0.38,
		"runtime": [176.44313764572144, 177.39521741867065, 177.38773274421692, 176.21556305885315, 175.78388714790344],
		"avg_runtime": 176.64510760307311
	},
	"it_fr": {
		"eps": 0.025,
		"lamb": 1.25,
		"paper_mrr": 0.678,
		"runtime": [175.3086314201355, 175.28462600708008, 174.8024241924286, 176.24815726280212, 176.13227367401123],
		"avg_runtime": 175.5552225112915
	},
	"ru_fr": {
		"eps": 0.05,
		"lamb": 1.0,
		"paper_mrr": 0.486,
		"runtime": [183.51867532730103, 184.25354313850403, 185.2554168701172, 183.06568670272827, 182.72804522514343],
		"avg_runtime": 183.7642734527588
	},
	"ru_it": {
		"eps": 0.1,
		"lamb": 0.75,
		"paper_mrr": 0.489,
		"runtime": [179.25194668769836, 178.94626092910767, 178.53065061569214, 179.73879218101501, 180.53932762145996],
		"avg_runtime": 179.40139560699464
	},
	"tr_fi": {
		"eps": 0.15,
		"lamb": 1.25,
		"paper_mrr": 0.28,
		"runtime": [182.02455115318298, 181.7944254875183, 182.57687139511108, 183.13520073890686, 183.09675550460815],
		"avg_runtime": 182.52556085586548
	},
	"tr_fr": {
		"eps": 0.1,
		"lamb": 1.25,
		"paper_mrr": 0.342,
		"runtime": [187.1664662361145, 186.90707755088806, 184.44521713256836, 187.63145446777344, 184.4651710987091],
		"avg_runtime": 186.1230772972107
	},
	"tr_hr": {
		"eps": 0.15,
		"lamb": 0.5,
		"paper_mrr": 0.241,
		"runtime": [185.8045470714569, 185.8937075138092, 185.04283237457275, 185.9672179222107, 184.6095633506775],
		"avg_runtime": 185.4635736465454
	},
	"tr_it": {
		"eps": 0.1,
		"lamb": 0.75,
		"paper_mrr": 0.335,
		"runtime": [182.5916063785553, 183.05548429489136, 181.84907245635986, 183.19990849494934, 183.2376103401184],
		"avg_runtime": 182.78673639297486
	},
	"tr_ru": {
		"eps": 0.1,
		"lamb": 1.25,
		"paper_mrr": 0.248,
		"runtime": [184.43941855430603, 183.17279314994812, 182.1704535484314, 182.70211362838745, 183.48558712005615],
		"avg_runtime": 183.19407320022583
	}
}