{
	"en_ru": {
		"lamb": 0.5,
		"avg_runtime": 16.517336082458495,
		"runtime": [16.24333906173706, 16.381920099258423, 16.543630123138428, 17.142311096191406, 16.275480031967163],
		"eps": 0.025,
		"paper_mrr": 0.502
	},
	"en_it": {
		"lamb": 0.5,
		"avg_runtime": 16.53009581565857,
		"runtime": [16.314661979675293, 16.51482105255127, 16.64093804359436, 16.741374969482422, 16.438683032989502],
		"eps": 0.05,
		"paper_mrr": 0.649
	},
	"de_fr": {
		"lamb": 1.25,
		"avg_runtime": 16.850120401382448,
		"runtime": [16.827451944351196, 17.018510103225708, 16.802801847457886, 16.916572093963623, 16.68526601791382],
		"eps": 0.025,
		"paper_mrr": 0.543
	},
	"hr_it": {
		"lamb": 0.25,
		"avg_runtime": 16.721006155014038,
		"runtime": [16.696364164352417, 16.943099975585938, 16.447014808654785, 16.762286901474, 16.75626492500305],
		"eps": 0.01,
		"paper_mrr": 0.415
	},
	"ru_it": {
		"lamb": 1.0,
		"avg_runtime": 16.92819275856018,
		"runtime": [16.73159694671631, 17.140615940093994, 16.775415897369385, 17.380792140960693, 16.612542867660522],
		"eps": 0.025,
		"paper_mrr": 0.503
	},
	"de_fi": {
		"lamb": 0.25,
		"avg_runtime": 16.932245635986327,
		"runtime": [16.826743125915527, 17.116408109664917, 16.807011127471924, 17.05112385749817, 16.859941959381104],
		"eps": 0.05,
		"paper_mrr": 0.389
	},
	"fi_fr": {
		"lamb": 1.25,
		"avg_runtime": 16.599405002593993,
		"runtime": [16.654635906219482, 16.746827125549316, 16.83594799041748, 16.739192962646484, 16.020421028137207],
		"eps": 0.1,
		"paper_mrr": 0.407
	},
	"en_tr": {
		"lamb": 0.25,
		"avg_runtime": 16.542111206054688,
		"runtime": [16.38591504096985, 16.36151099205017, 16.962058067321777, 16.381969928741455, 16.619102001190186],
		"eps": 0.025,
		"paper_mrr": 0.407
	},
	"de_hr": {
		"lamb": 1.25,
		"avg_runtime": 16.763339042663574,
		"runtime": [16.838851928710938, 16.962707042694092, 16.72918701171875, 16.604597091674805, 16.681352138519287],
		"eps": 0.05,
		"paper_mrr": 0.36
	},
	"hr_ru": {
		"lamb": 0.75,
		"avg_runtime": 16.82276439666748,
		"runtime": [16.670965909957886, 16.99691605567932, 17.067401885986328, 16.845911026000977, 16.53262710571289],
		"eps": 0.01,
		"paper_mrr": 0.408
	},
	"it_fr": {
		"lamb": 1.25,
		"avg_runtime": 16.993775177001954,
		"runtime": [17.031708002090454, 17.20187497138977, 17.11172103881836, 16.59456491470337, 17.029006958007812],
		"eps": 0.05,
		"paper_mrr": 0.684
	},
	"fi_hr": {
		"lamb": 1.25,
		"avg_runtime": 16.857122230529786,
		"runtime": [17.11726403236389, 16.846288919448853, 16.59941792488098, 16.84235405921936, 16.88028621673584],
		"eps": 0.1,
		"paper_mrr": 0.335
	},
	"tr_hr": {
		"lamb": 0.75,
		"avg_runtime": 16.669329404830933,
		"runtime": [16.878960847854614, 16.833585023880005, 16.45129418373108, 16.501824140548706, 16.68098282814026],
		"eps": 0.1,
		"paper_mrr": 0.288
	},
	"tr_fr": {
		"lamb": 1.25,
		"avg_runtime": 17.052429819107054,
		"runtime": [16.80953812599182, 17.231112957000732, 16.99965190887451, 17.264005184173584, 16.95784091949463],
		"eps": 0.025,
		"paper_mrr": 0.38
	},
	"en_hr": {
		"lamb": 0.75,
		"avg_runtime": 16.439853620529174,
		"runtime": [16.401582956314087, 16.285950899124146, 16.675140142440796, 16.39959216117859, 16.437001943588257],
		"eps": 0.025,
		"paper_mrr": 0.382
	},
	"de_ru": {
		"lamb": 0.5,
		"avg_runtime": 16.887911748886108,
		"runtime": [16.949620008468628, 16.800312995910645, 16.38285493850708, 17.288538932800293, 17.018231868743896],
		"eps": 0.025,
		"paper_mrr": 0.449
	},
	"fi_it": {
		"lamb": 0.5,
		"avg_runtime": 16.708361434936524,
		"runtime": [16.583129167556763, 16.60952591896057, 17.233724117279053, 16.63309907913208, 16.48232889175415],
		"eps": 0.1,
		"paper_mrr": 0.407
	},
	"tr_ru": {
		"lamb": 0.5,
		"avg_runtime": 16.752546548843384,
		"runtime": [16.544196844100952, 17.305352926254272, 16.142233848571777, 16.669347047805786, 17.10160207748413],
		"eps": 0.1,
		"paper_mrr": 0.319
	},
	"hr_fr": {
		"lamb": 1.25,
		"avg_runtime": 16.638521003723145,
		"runtime": [16.607251167297363, 16.587114810943604, 16.521589994430542, 16.783874988555908, 16.692774057388306],
		"eps": 0.05,
		"paper_mrr": 0.426
	},
	"de_it": {
		"lamb": 1.25,
		"avg_runtime": 16.840179634094238,
		"runtime": [16.57342791557312, 16.85164999961853, 16.934406042099, 16.969561100006104, 16.87185311317444],
		"eps": 0.1,
		"paper_mrr": 0.533
	},
	"de_tr": {
		"lamb": 0.25,
		"avg_runtime": 16.538496017456055,
		"runtime": [16.74744415283203, 16.380671977996826, 16.63872003555298, 16.471690893173218, 16.45395302772522],
		"eps": 0.1,
		"paper_mrr": 0.321
	},
	"en_fr": {
		"lamb": 1.25,
		"avg_runtime": 16.891994047164918,
		"runtime": [17.0173020362854, 17.06029510498047, 16.63927698135376, 17.078927040100098, 16.66416907310486],
		"eps": 0.025,
		"paper_mrr": 0.679
	},
	"tr_fi": {
		"lamb": 0.75,
		"avg_runtime": 16.657586193084718,
		"runtime": [16.892863035202026, 17.005586862564087, 16.317840099334717, 16.54561996459961, 16.526021003723145],
		"eps": 0.15,
		"paper_mrr": 0.306
	},
	"en_de": {
		"lamb": 0.75,
		"avg_runtime": 16.553545808792116,
		"runtime": [16.42318296432495, 16.714543104171753, 16.40926694869995, 16.7077579498291, 16.512978076934814],
		"eps": 0.01,
		"paper_mrr": 0.59
	},
	"tr_it": {
		"lamb": 0.75,
		"avg_runtime": 16.63319888114929,
		"runtime": [16.674242973327637, 16.60635805130005, 16.592632055282593, 16.71048617362976, 16.58227515220642],
		"eps": 0.01,
		"paper_mrr": 0.372
	},
	"fi_ru": {
		"lamb": 1.0,
		"avg_runtime": 16.44639983177185,
		"runtime": [16.47589612007141, 16.966019868850708, 16.48483395576477, 16.294870138168335, 16.01037907600403],
		"eps": 0.05,
		"paper_mrr": 0.379
	},
	"en_fi": {
		"lamb": 0.25,
		"avg_runtime": 16.500034523010253,
		"runtime": [16.20948600769043, 16.612218856811523, 16.348228931427002, 16.362144947052002, 16.968093872070312],
		"eps": 0.01,
		"paper_mrr": 0.439
	},
	"ru_fr": {
		"lamb": 0.25,
		"avg_runtime": 16.5992290019989,
		"runtime": [16.417695999145508, 16.70306706428528, 16.558321952819824, 16.7583589553833, 16.558701038360596],
		"eps": 0.05,
		"paper_mrr": 0.497
	}
}