{
	"de_fi": {
		"eps": 0.05,
		"lamb": 0.25,
		"paper_mrr": 0.389,
		"runtime": [16.557563066482544, 17.031346321105957, 17.02242088317871, 17.192466497421265, 16.7819664478302],
		"avg_runtime": 16.917152643203735
	},
	"de_fr": {
		"eps": 0.025,
		"lamb": 1.25,
		"paper_mrr": 0.543,
		"runtime": [17.355536222457886, 17.147382736206055, 17.046231508255005, 16.841758251190186, 16.630236625671387],
		"avg_runtime": 17.004229068756104
	},
	"de_hr": {
		"eps": 0.05,
		"lamb": 1.25,
		"paper_mrr": 0.36,
		"runtime": [16.636555194854736, 16.820413827896118, 17.087199449539185, 17.072900533676147, 17.0273118019104],
		"avg_runtime": 16.928876161575317
	},
	"de_it": {
		"eps": 0.1,
		"lamb": 1.25,
		"paper_mrr": 0.533,
		"runtime": [16.91120457649231, 17.09165906906128, 17.97273015975952, 16.828430891036987, 17.138110160827637],
		"avg_runtime": 17.188426971435547
	},
	"de_ru": {
		"eps": 0.025,
		"lamb": 0.5,
		"paper_mrr": 0.449,
		"runtime": [16.700430393218994, 16.686999559402466, 16.730656147003174, 17.109812259674072, 16.650490760803223],
		"avg_runtime": 16.775677824020384
	},
	"de_tr": {
		"eps": 0.1,
		"lamb": 0.25,
		"paper_mrr": 0.321,
		"runtime": [16.922688245773315, 16.849141359329224, 16.575392961502075, 16.86217188835144, 16.732262134552002],
		"avg_runtime": 16.788331317901612
	},
	"en_de": {
		"eps": 0.01,
		"lamb": 0.75,
		"paper_mrr": 0.59,
		"runtime": [16.806652307510376, 16.819146156311035, 16.97722601890564, 16.900673866271973, 16.810137033462524],
		"avg_runtime": 16.86276707649231
	},
	"en_fi": {
		"eps": 0.01,
		"lamb": 0.25,
		"paper_mrr": 0.439,
		"runtime": [16.556278467178345, 16.716338872909546, 16.8637855052948, 16.546830654144287, 16.618010759353638],
		"avg_runtime": 16.660248851776124
	},
	"en_fr": {
		"eps": 0.025,
		"lamb": 1.25,
		"paper_mrr": 0.679,
		"runtime": [16.700652837753296, 17.066367626190186, 17.459726810455322, 17.127999544143677, 17.1822988986969],
		"avg_runtime": 17.107409143447875
	},
	"en_hr": {
		"eps": 0.025,
		"lamb": 0.75,
		"paper_mrr": 0.382,
		"runtime": [17.358786582946777, 16.644259691238403, 16.539488792419434, 16.56537175178528, 16.583915948867798],
		"avg_runtime": 16.73836455345154
	},
	"en_it": {
		"eps": 0.05,
		"lamb": 0.5,
		"paper_mrr": 0.649,
		"runtime": [16.986165046691895, 16.687660932540894, 16.52005648612976, 16.35187029838562, 16.653486251831055],
		"avg_runtime": 16.639847803115845
	},
	"en_ru": {
		"eps": 0.025,
		"lamb": 0.5,
		"paper_mrr": 0.502,
		"runtime": [16.99081254005432, 16.784892320632935, 16.286761045455933, 16.537036657333374, 16.388692617416382],
		"avg_runtime": 16.597639036178588
	},
	"en_tr": {
		"eps": 0.025,
		"lamb": 0.25,
		"paper_mrr": 0.407,
		"runtime": [16.531371116638184, 16.41050434112549, 16.838165998458862, 16.844997882843018, 16.553377389907837],
		"avg_runtime": 16.63568334579468
	},
	"fi_fr": {
		"eps": 0.1,
		"lamb": 1.25,
		"paper_mrr": 0.407,
		"runtime": [16.583072185516357, 16.559253931045532, 16.82645034790039, 16.943568229675293, 17.172778606414795],
		"avg_runtime": 16.817024660110473
	},
	"fi_hr": {
		"eps": 0.1,
		"lamb": 1.25,
		"paper_mrr": 0.335,
		"runtime": [16.991188526153564, 16.799070835113525, 16.82658290863037, 16.774795055389404, 16.102750778198242],
		"avg_runtime": 16.698877620697022
	},
	"fi_it": {
		"eps": 0.1,
		"lamb": 0.5,
		"paper_mrr": 0.407,
		"runtime": [16.795629501342773, 16.664719581604004, 16.687764167785645, 16.36912727355957, 16.433287620544434],
		"avg_runtime": 16.590105628967287
	},
	"fi_ru": {
		"eps": 0.05,
		"lamb": 1.0,
		"paper_mrr": 0.379,
		"runtime": [16.15196943283081, 16.5549099445343, 16.719558477401733, 16.772646188735962, 16.69214415550232],
		"avg_runtime": 16.578245639801025
	},
	"hr_fr": {
		"eps": 0.05,
		"lamb": 1.25,
		"paper_mrr": 0.426,
		"runtime": [16.65715217590332, 17.145270824432373, 16.485121250152588, 17.243110418319702, 16.582749843597412],
		"avg_runtime": 16.82268090248108
	},
	"hr_it": {
		"eps": 0.01,
		"lamb": 0.25,
		"paper_mrr": 0.415,
		"runtime": [16.54536461830139, 17.0183162689209, 16.630582571029663, 16.4622802734375, 16.756702661514282],
		"avg_runtime": 16.682649278640746
	},
	"hr_ru": {
		"eps": 0.01,
		"lamb": 0.75,
		"paper_mrr": 0.408,
		"runtime": [16.664305686950684, 16.85167145729065, 16.587506771087646, 16.859740018844604, 16.508143424987793],
		"avg_runtime": 16.694273471832275
	},
	"it_fr": {
		"eps": 0.05,
		"lamb": 1.25,
		"paper_mrr": 0.684,
		"runtime": [17.01418399810791, 16.644211769104004, 17.051830530166626, 16.84491467475891, 16.615482807159424],
		"avg_runtime": 16.834124755859374
	},
	"ru_fr": {
		"eps": 0.05,
		"lamb": 0.25,
		"paper_mrr": 0.497,
		"runtime": [17.221526622772217, 16.650173664093018, 16.51984453201294, 16.6531081199646, 16.746724367141724],
		"avg_runtime": 16.7582754611969
	},
	"ru_it": {
		"eps": 0.025,
		"lamb": 1.0,
		"paper_mrr": 0.503,
		"runtime": [16.837589263916016, 16.53899621963501, 16.64131188392639, 17.077148914337158, 16.14961075782776],
		"avg_runtime": 16.648931407928465
	},
	"tr_fi": {
		"eps": 0.15,
		"lamb": 0.75,
		"paper_mrr": 0.306,
		"runtime": [17.103954315185547, 17.058148622512817, 16.763373613357544, 16.799753665924072, 16.910032749176025],
		"avg_runtime": 16.927052593231203
	},
	"tr_fr": {
		"eps": 0.025,
		"lamb": 1.25,
		"paper_mrr": 0.38,
		"runtime": [17.246615886688232, 16.9356791973114, 16.796921253204346, 17.158899784088135, 16.638583660125732],
		"avg_runtime": 16.95533995628357
	},
	"tr_hr": {
		"eps": 0.1,
		"lamb": 0.75,
		"paper_mrr": 0.288,
		"runtime": [16.811373472213745, 17.145148754119873, 16.53093433380127, 16.651329040527344, 16.878079652786255],
		"avg_runtime": 16.803373050689697
	},
	"tr_it": {
		"eps": 0.01,
		"lamb": 0.75,
		"paper_mrr": 0.372,
		"runtime": [16.37276315689087, 16.81376838684082, 16.493700742721558, 16.684348583221436, 17.82924222946167],
		"avg_runtime": 16.83876461982727
	},
	"tr_ru": {
		"eps": 0.1,
		"lamb": 0.5,
		"paper_mrr": 0.319,
		"runtime": [16.861666679382324, 16.868804693222046, 17.19612145423889, 16.958810329437256, 16.880176544189453],
		"avg_runtime": 16.953115940093994
	}
}