{
	"en_ru": {
		"lamb": 1.25,
		"avg_runtime": 181.92033381462096,
		"runtime": [182.00064611434937, 181.7558948993683, 183.28448915481567, 180.46608591079712, 182.0945529937744],
		"eps": 0.05,
		"paper_mrr": 0.439
	},
	"en_it": {
		"lamb": 1.0,
		"avg_runtime": 177.9518572330475,
		"runtime": [179.1735019683838, 177.07137203216553, 178.55183911323547, 176.30365991592407, 178.65891313552856],
		"eps": 0.05,
		"paper_mrr": 0.638
	},
	"de_fr": {
		"lamb": 1.25,
		"avg_runtime": 179.89402794837952,
		"runtime": [179.46519899368286, 179.6396119594574, 180.224622964859, 180.58331489562988, 179.55739092826843],
		"eps": 0.05,
		"paper_mrr": 0.53
	},
	"hr_it": {
		"lamb": 1.25,
		"avg_runtime": 178.80774903297424,
		"runtime": [179.00009107589722, 178.3465211391449, 178.6064670085907, 178.2593560218811, 179.8263099193573],
		"eps": 0.1,
		"paper_mrr": 0.389
	},
	"ru_it": {
		"lamb": 0.75,
		"avg_runtime": 179.93725066185,
		"runtime": [180.56492805480957, 178.37353110313416, 180.58264303207397, 180.09101510047913, 180.07413601875305],
		"eps": 0.1,
		"paper_mrr": 0.489
	},
	"de_fi": {
		"lamb": 1.25,
		"avg_runtime": 180.24049620628358,
		"runtime": [181.1287350654602, 178.0015950202942, 180.68695402145386, 179.89440488815308, 181.49079203605652],
		"eps": 0.05,
		"paper_mrr": 0.345
	},
	"fi_fr": {
		"lamb": 1.25,
		"avg_runtime": 182.58349919319153,
		"runtime": [182.0073208808899, 183.21380400657654, 180.37429308891296, 184.8685109615326, 182.45356702804565],
		"eps": 0.1,
		"paper_mrr": 0.366
	},
	"en_tr": {
		"lamb": 0.5,
		"avg_runtime": 184.10266375541687,
		"runtime": [183.6929178237915, 181.36610889434814, 185.76860904693604, 185.88405299186707, 183.8016300201416],
		"eps": 0.1,
		"paper_mrr": 0.36
	},
	"de_hr": {
		"lamb": 1.0,
		"avg_runtime": 182.30245218276977,
		"runtime": [181.49995613098145, 183.3242769241333, 182.16071915626526, 183.03272891044617, 181.4945797920227],
		"eps": 0.1,
		"paper_mrr": 0.312
	},
	"hr_ru": {
		"lamb": 0.5,
		"avg_runtime": 176.4720353126526,
		"runtime": [179.14766216278076, 174.08991813659668, 178.14575219154358, 174.8125581741333, 176.16428589820862],
		"eps": 0.1,
		"paper_mrr": 0.38
	},
	"it_fr": {
		"lamb": 1.25,
		"avg_runtime": 175.2491051673889,
		"runtime": [175.31812691688538, 178.2027199268341, 174.64084792137146, 174.3639600276947, 173.71987104415894],
		"eps": 0.025,
		"paper_mrr": 0.678
	},
	"fi_hr": {
		"lamb": 1.25,
		"avg_runtime": 183.4110753059387,
		"runtime": [182.53040981292725, 183.98183798789978, 181.9953169822693, 185.01003885269165, 183.53777289390564],
		"eps": 0.05,
		"paper_mrr": 0.304
	},
	"tr_hr": {
		"lamb": 0.5,
		"avg_runtime": 185.71670560836793,
		"runtime": [188.05744314193726, 183.86926889419556, 186.5359480381012, 184.79668998718262, 185.32417798042297],
		"eps": 0.15,
		"paper_mrr": 0.241
	},
	"tr_fr": {
		"lamb": 1.25,
		"avg_runtime": 186.72634587287902,
		"runtime": [185.43568897247314, 187.11937713623047, 184.1597261428833, 193.7484700679779, 183.16846704483032],
		"eps": 0.1,
		"paper_mrr": 0.342
	},
	"en_hr": {
		"lamb": 1.25,
		"avg_runtime": 186.06023325920106,
		"runtime": [185.57974910736084, 186.8003420829773, 184.3567521572113, 187.63015294075012, 185.9341700077057],
		"eps": 0.05,
		"paper_mrr": 0.32
	},
	"de_ru": {
		"lamb": 1.0,
		"avg_runtime": 178.30889158248903,
		"runtime": [178.4332149028778, 178.04733991622925, 177.12162113189697, 177.05071091651917, 180.89157104492188],
		"eps": 0.1,
		"paper_mrr": 0.368
	},
	"fi_it": {
		"lamb": 0.75,
		"avg_runtime": 179.3880350112915,
		"runtime": [179.94039106369019, 178.1249270439148, 179.80265998840332, 178.9238109588623, 180.1483860015869],
		"eps": 0.15,
		"paper_mrr": 0.372
	},
	"tr_ru": {
		"lamb": 1.25,
		"avg_runtime": 183.1768052101135,
		"runtime": [181.69714403152466, 184.09640097618103, 182.24170899391174, 185.4045171737671, 182.4442548751831],
		"eps": 0.1,
		"paper_mrr": 0.248
	},
	"hr_fr": {
		"lamb": 0.75,
		"avg_runtime": 181.96493558883668,
		"runtime": [181.1698489189148, 181.35443091392517, 181.41028904914856, 183.97268509864807, 181.91742396354675],
		"eps": 0.1,
		"paper_mrr": 0.38
	},
	"de_it": {
		"lamb": 0.25,
		"avg_runtime": 178.25431051254273,
		"runtime": [176.97710299491882, 179.3798680305481, 178.50264382362366, 178.36818385124207, 178.04375386238098],
		"eps": 0.01,
		"paper_mrr": 0.526
	},
	"de_tr": {
		"lamb": 0.75,
		"avg_runtime": 181.9122010231018,
		"runtime": [182.05921602249146, 180.96343898773193, 181.8123540878296, 181.39516305923462, 183.33083295822144],
		"eps": 0.1,
		"paper_mrr": 0.275
	},
	"en_fr": {
		"lamb": 0.5,
		"avg_runtime": 177.5018186569214,
		"runtime": [176.34872198104858, 176.3243100643158, 178.20859503746033, 177.15184116363525, 179.47562503814697],
		"eps": 0.1,
		"paper_mrr": 0.666
	},
	"tr_fi": {
		"lamb": 1.25,
		"avg_runtime": 182.03473362922668,
		"runtime": [182.6732919216156, 180.86934995651245, 182.26693415641785, 181.83997297286987, 182.52411913871765],
		"eps": 0.15,
		"paper_mrr": 0.28
	},
	"en_de": {
		"lamb": 0.75,
		"avg_runtime": 177.9035131931305,
		"runtime": [178.61082911491394, 178.48915219306946, 178.42584085464478, 177.72568583488464, 176.26605796813965],
		"eps": 0.05,
		"paper_mrr": 0.568
	},
	"tr_it": {
		"lamb": 0.75,
		"avg_runtime": 182.6952796459198,
		"runtime": [182.20067405700684, 183.47810411453247, 182.3450870513916, 182.32568097114563, 183.12685203552246],
		"eps": 0.1,
		"paper_mrr": 0.335
	},
	"fi_ru": {
		"lamb": 1.0,
		"avg_runtime": 179.65047378540038,
		"runtime": [178.7760488986969, 181.55887818336487, 177.71573185920715, 181.55699801445007, 178.64471197128296],
		"eps": 0.1,
		"paper_mrr": 0.346
	},
	"en_fi": {
		"lamb": 1.25,
		"avg_runtime": 182.85042896270753,
		"runtime": [183.65071392059326, 182.58158898353577, 183.22260689735413, 182.80142498016357, 181.99581003189087],
		"eps": 0.025,
		"paper_mrr": 0.397
	},
	"ru_fr": {
		"lamb": 1.0,
		"avg_runtime": 184.642413520813,
		"runtime": [190.7088339328766, 183.0768060684204, 182.50406885147095, 182.05301094055176, 184.86934781074524],
		"eps": 0.05,
		"paper_mrr": 0.486
	}
}